sorteo,n1,n2,n3,n4,n5,n6,n7,n8,n9,n10,n11,n12,n13,n14
2893,01,02,03,05,06,09,10,12,14,16,17,19,20,25
2894,03,04,06,07,08,09,10,11,12,15,16,19,20,24
2895,01,02,03,04,05,06,08,10,13,17,19,20,22,23
2896,02,05,06,08,09,10,12,14,18,20,21,23,24,25
2897,02,03,05,06,07,08,09,10,15,18,21,22,24,25
2898,02,04,05,06,09,10,12,13,14,18,19,21,23,25
2899,01,03,04,05,07,09,14,17,18,20,21,23,24,25
2900,01,02,04,06,07,08,09,11,12,15,16,18,21,25
2901,03,05,08,09,11,13,14,15,16,17,19,21,22,25
2902,01,03,04,05,09,10,12,13,15,17,18,19,23,24
2903,01,02,03,06,07,08,09,14,15,20,21,22,23,24
2904,01,03,04,05,09,11,13,14,15,18,20,22,23,24
2905,01,03,04,05,07,08,09,11,13,18,21,23,24,25
2906,02,05,06,07,09,10,11,17,19,21,22,23,24,25
2907,01,02,03,05,07,08,11,12,13,19,20,22,23,25
2908,04,05,07,08,09,11,12,14,17,18,20,23,24,25
2909,02,04,05,06,10,11,12,13,14,15,16,17,18,20
2910,01,05,07,08,09,10,11,13,15,18,19,20,21,25
2911,01,02,05,07,11,12,13,14,15,16,17,20,24,25
2912,02,03,06,07,08,10,11,12,14,15,16,19,21,23
2913,01,03,04,07,08,09,10,11,12,17,18,19,22,24
2914,02,04,05,07,10,11,12,13,14,18,20,22,24,25
2915,01,03,04,05,06,07,10,12,13,15,18,19,20,22
2916,04,06,08,09,12,16,17,18,19,20,21,22,24,25
2917,01,02,04,05,07,08,12,14,16,17,21,23,24,25
2918,02,03,04,05,06,08,09,12,14,15,20,23,24,25
2919,02,05,06,07,08,09,11,15,17,18,22,23,24,25
2920,01,03,05,06,08,12,15,16,18,19,21,22,24,25
2921,01,04,05,06,10,11,12,13,17,19,20,23,24,25
2922,01,03,05,06,08,12,13,14,17,18,19,23,24,25
2923,01,03,06,08,09,11,15,16,18,20,21,23,24,25
2924,02,04,06,08,09,14,15,17,18,19,20,21,23,24
2925,01,02,04,06,10,11,13,14,15,21,22,23,24,25
2926,01,03,05,06,09,10,13,14,15,17,21,22,24,25
2927,01,03,05,06,08,10,15,16,17,20,22,23,24,25
2928,03,05,06,07,09,10,11,12,14,16,17,19,22,24
2929,02,03,04,07,10,11,15,16,17,19,20,22,23,25
2930,03,05,07,09,11,13,14,15,16,17,19,20,22,23
2931,01,02,04,07,10,12,17,18,20,21,22,23,24,25
2932,03,05,06,07,08,09,10,11,12,13,18,20,23,25
2933,02,03,04,06,08,09,10,11,12,14,19,20,22,24
2934,01,02,03,06,07,08,11,12,15,16,19,21,22,24
2935,01,02,03,04,05,06,07,08,09,11,12,22,23,24
2936,01,02,04,05,06,07,08,09,16,19,20,22,23,25
2937,02,06,07,08,10,11,15,16,17,18,20,22,24,25
2938,01,03,07,08,09,10,13,14,15,16,17,21,23,24
2939,01,02,03,05,07,08,10,12,16,18,19,22,23,24
2940,01,03,06,07,08,09,10,11,13,16,17,18,20,24
2941,05,07,10,11,12,13,14,15,18,19,20,21,22,25
2942,01,04,05,09,14,15,17,18,19,20,21,22,24,25
2943,01,07,08,10,13,15,16,17,18,20,21,23,24,25
2944,01,02,04,05,08,10,11,14,16,18,22,23,24,25
2945,01,03,04,06,09,10,11,12,14,16,21,23,24,25
2946,01,02,04,05,10,15,16,17,18,19,20,21,22,24
2947,01,02,03,04,08,12,13,14,17,19,21,22,23,25
2948,02,05,09,10,11,12,13,14,15,16,17,19,20,22
2949,02,03,06,08,09,11,12,14,17,20,21,22,24,25
2950,01,03,05,06,07,08,14,18,19,20,21,22,23,25
2951,02,07,08,09,10,11,12,15,16,17,20,23,24,25
2952,01,02,03,04,05,06,07,09,10,11,12,16,17,23
2953,01,02,04,08,10,11,12,15,17,18,21,22,24,25
2954,01,02,05,06,08,09,10,14,15,16,17,19,22,25
2955,01,02,03,05,06,10,11,12,13,15,16,21,22,24
2956,02,05,06,07,08,11,12,13,15,16,20,21,22,24
2957,01,04,08,09,11,12,13,14,15,17,20,22,24,25
2958,03,04,06,07,13,14,15,17,18,19,20,21,23,25
2959,07,08,12,13,14,15,18,19,20,21,22,23,24,25
2960,04,05,06,08,11,12,14,15,18,20,21,22,24,25
2961,01,04,05,06,08,09,10,12,13,14,15,19,23,24
2962,01,03,04,06,08,10,12,13,14,15,17,20,24,25
2963,01,04,07,08,09,11,12,14,15,16,17,20,22,23
2964,03,05,06,07,09,12,13,15,18,19,21,22,23,24
2965,01,04,08,09,10,11,14,15,16,17,18,20,21,22
2966,01,02,03,05,07,08,10,11,12,13,14,16,19,23
2967,01,04,05,08,11,13,15,16,18,19,20,21,22,24
2968,01,03,05,07,08,09,10,11,12,16,19,21,22,24
2969,01,05,06,07,09,10,12,16,18,19,21,23,24,25
2970,01,02,04,05,06,08,09,11,15,16,17,20,23,24
2971,02,03,08,09,13,14,15,17,18,19,20,22,24,25
2972,01,02,04,07,08,12,14,18,20,21,22,23,24,25
2973,03,04,06,07,08,10,11,12,13,14,15,18,19,25
2974,04,05,06,07,08,11,14,17,18,20,21,22,23,24
2975,01,03,04,05,06,09,10,11,14,16,17,21,24,25
2976,01,03,08,09,10,11,12,13,15,16,20,21,22,25
2977,01,02,03,04,05,07,13,14,15,17,18,19,24,25
2978,01,03,05,08,10,11,14,17,18,20,21,22,23,25
2979,02,03,05,08,10,11,12,13,16,17,19,22,23,25
2980,01,02,03,04,05,06,07,10,13,15,16,19,23,25
2982,02,03,05,09,12,13,15,17,19,21,22,23,24,25
2983,01,04,05,07,08,09,11,12,13,20,21,22,23,25
2984,01,02,03,04,07,10,11,13,14,19,20,21,23,25
2985,02,06,07,08,09,13,15,16,17,19,20,22,23,25
2986,01,04,05,06,08,09,10,16,17,18,19,20,21,25
2987,01,02,05,06,07,10,13,15,16,18,19,20,21,24
2988,01,03,04,05,06,09,12,14,16,18,22,23,24,25
2989,04,05,06,09,11,12,13,14,16,17,18,21,22,25
2990,02,07,09,10,12,13,14,16,17,20,21,22,23,25
2991,01,02,07,10,12,13,15,16,18,20,21,22,24,25
2992,01,05,07,09,10,12,14,18,19,20,21,22,23,25
2993,01,05,07,08,10,11,13,18,19,20,21,22,24,25
2994,03,05,06,07,08,10,12,13,16,17,20,21,23,25
2995,02,03,04,08,09,10,11,12,13,17,20,22,24,25
2996,02,03,05,06,12,15,16,17,18,19,20,22,23,25
2997,01,05,06,08,10,12,13,14,16,18,22,23,24,25
2998,02,05,06,09,10,12,13,14,15,16,17,19,20,23
2999,01,02,04,05,08,10,12,14,15,16,20,21,24,25
3000,01,03,04,05,06,08,09,10,13,14,18,19,21,25
3001,03,05,08,09,12,16,17,18,19,20,21,23,24,25
3002,01,03,04,06,08,11,13,15,16,17,19,20,21,24
3003,01,03,04,06,07,08,11,14,16,17,20,22,23,24
3004,04,05,06,07,08,09,10,13,15,16,17,21,23,24
3005,03,05,06,07,10,13,14,15,17,18,21,23,24,25
3006,02,04,05,07,09,10,11,12,13,16,18,20,22,23
3007,01,02,03,04,05,06,09,10,11,13,15,17,22,24
3008,01,03,05,08,12,13,14,17,18,20,21,22,23,24
3009,01,03,04,07,12,13,14,16,19,20,21,23,24,25
3010,01,02,04,06,07,11,12,13,15,17,19,22,23,25
3011,01,04,08,11,12,13,14,15,16,18,19,21,22,23
3012,03,07,09,10,11,12,13,14,15,19,20,22,23,24
3013,01,03,05,09,12,13,15,17,19,20,21,22,23,25
3014,01,02,04,08,09,12,13,15,16,19,20,21,24,25
3015,01,02,04,05,08,09,11,13,14,15,19,20,23,25
3016,01,02,03,04,05,09,10,11,13,19,20,21,24,25
3017,01,02,07,08,10,11,13,14,15,18,19,20,21,23
3018,01,03,04,07,08,11,13,14,15,18,19,23,24,25
3019,01,02,04,06,07,08,09,10,11,14,16,20,22,24
3020,01,02,04,06,08,09,11,14,16,18,19,21,22,24
3021,01,03,04,05,06,09,10,11,13,16,18,19,20,23
3022,01,03,04,06,07,09,10,11,12,13,17,18,23,24
3023,01,03,05,06,09,11,14,15,19,20,21,22,23,24
3024,01,02,03,05,11,12,13,14,15,16,18,21,24,25
3025,01,02,03,04,06,07,08,10,11,17,18,19,22,24
3026,01,02,03,04,05,06,07,08,09,12,16,19,21,25
3027,01,02,04,05,10,11,12,13,17,19,20,21,22,23
3028,01,02,05,06,07,08,10,12,13,14,16,21,22,24
3029,07,08,09,10,13,14,15,17,18,20,21,22,23,24
3030,02,03,04,05,06,09,15,16,19,20,21,22,24,25
3031,03,04,05,07,10,11,12,13,15,18,19,21,22,23
3032,03,04,06,07,08,09,10,13,14,15,17,22,23,24
3033,01,02,04,06,07,08,09,10,14,16,21,22,23,25
3034,01,02,03,04,05,07,09,13,14,16,17,18,20,24
3035,03,04,05,06,08,09,10,18,19,20,22,23,24,25
3036,02,03,04,05,09,10,12,14,16,18,20,21,22,23
3037,01,02,03,04,05,06,13,14,15,17,19,22,23,25
3038,01,02,03,11,12,14,16,17,18,19,20,22,24,25
3039,01,02,06,09,11,13,16,17,19,21,22,23,24,25
3040,01,03,04,05,10,11,13,14,15,17,18,19,24,25
3041,04,06,08,09,14,16,17,18,19,20,21,23,24,25
3042,01,03,04,05,06,11,12,15,16,18,19,20,21,22
3043,01,02,03,05,07,09,10,13,15,16,17,22,23,24
3044,01,03,04,06,12,13,14,17,18,19,21,22,24,25
3045,01,02,03,06,07,09,10,11,13,14,20,22,23,24
3046,01,02,03,05,07,09,10,13,16,19,22,23,24,25
3047,02,03,05,06,08,10,11,12,16,20,22,23,24,25
3048,02,03,05,06,08,10,12,13,15,18,19,23,24,25
3049,02,04,05,06,09,10,11,12,14,17,19,21,22,24
3050,01,02,03,05,06,07,08,09,17,19,21,22,23,24
3051,01,02,04,08,09,11,12,13,15,17,18,21,22,24
3052,02,03,06,07,09,10,11,13,17,18,20,21,24,25
3053,08,10,11,12,14,15,16,17,18,19,20,22,23,25
3054,01,02,04,09,10,11,13,17,18,19,20,21,24,25
3055,03,04,06,07,08,09,12,13,14,16,19,23,24,25
3056,01,02,04,05,06,07,09,11,12,13,15,18,23,25
3057,03,04,06,07,08,11,12,13,14,16,17,21,22,24
3058,01,02,03,05,08,09,10,12,13,15,16,18,21,22
3059,02,09,10,11,12,15,16,17,18,19,21,22,23,25
3060,01,02,04,08,10,13,14,15,17,18,19,22,24,25
3061,02,03,04,07,08,09,11,14,15,18,20,21,22,23
3062,02,03,04,05,06,08,09,10,12,14,16,22,23,24
3063,01,04,05,07,08,09,11,13,17,20,21,22,23,25
3064,01,02,03,07,08,10,14,16,17,18,19,20,24,25
3065,02,04,05,08,09,10,11,13,15,17,20,22,23,25
3066,03,04,05,06,09,10,12,16,17,18,19,21,22,24
3067,01,02,04,06,07,08,10,13,15,17,18,19,23,25
3068,02,04,06,09,10,11,16,17,18,19,20,22,24,25
3069,01,02,04,05,08,09,10,11,12,13,17,18,19,23
3070,01,02,03,04,05,06,08,10,11,13,15,16,21,25
3071,01,02,03,06,09,10,11,12,14,16,18,21,22,23
3072,01,04,06,08,09,12,14,15,18,19,21,22,23,24
3073,02,03,04,06,08,11,12,13,14,18,22,23,24,25
3074,01,07,08,10,11,13,14,16,17,18,21,22,24,25
3075,01,02,04,05,06,09,11,12,16,18,19,20,22,25
3076,01,02,04,05,06,08,09,10,11,15,16,17,18,21
3077,05,06,08,10,11,12,17,18,19,20,21,22,24,25
3078,03,05,09,10,11,12,14,15,16,17,20,22,24,25
3079,02,03,05,09,10,13,15,16,17,19,21,22,23,25
3080,04,08,09,11,12,13,14,15,16,18,19,21,23,25
3081,02,03,04,06,08,11,12,13,15,17,19,23,24,25
3082,01,04,06,08,09,10,12,15,16,18,19,20,22,24
3083,01,02,05,07,08,09,12,13,15,19,21,22,23,24
3084,04,05,06,07,08,09,10,12,16,17,19,20,21,23
3085,01,04,06,07,08,09,10,12,14,16,21,22,23,24
3086,02,03,08,10,11,12,13,14,16,17,19,21,24,25
3087,02,03,05,06,08,09,10,15,17,18,20,21,22,25
3088,02,03,04,07,08,09,10,12,17,21,22,23,24,25
3089,01,02,03,05,08,09,10,12,13,14,15,16,24,25
3090,01,02,03,05,06,07,10,11,14,15,17,22,24,25
3091,02,05,08,10,12,13,14,17,18,19,20,23,24,25
3092,01,05,06,08,09,12,13,17,18,19,20,23,24,25
3093,01,02,08,13,16,17,18,19,20,21,22,23,24,25
3094,02,03,04,05,06,07,08,10,13,14,15,16,21,24
3095,01,02,04,09,11,12,16,17,18,20,21,22,23,25
3096,02,05,06,07,12,13,14,18,20,21,22,23,24,25
3097,02,03,05,06,08,11,12,14,16,18,19,20,22,23
3098,02,03,06,08,10,11,12,13,14,18,20,22,23,24
3099,01,04,05,09,10,12,14,17,18,19,20,22,23,24
3100,05,08,10,11,13,14,15,17,18,19,20,21,22,25
3101,01,02,03,04,05,06,09,13,14,16,18,19,21,22
3102,01,02,06,10,11,12,14,18,20,21,22,23,24,25
3103,03,04,05,06,10,11,12,14,15,17,18,22,24,25
3104,01,03,04,07,09,11,13,15,16,17,19,20,23,24
3105,04,06,07,09,10,12,13,14,15,17,19,21,22,24
3106,01,04,05,06,07,08,10,12,15,18,19,20,22,23
3107,02,03,05,07,09,11,12,13,14,15,21,23,24,25
3108,01,02,03,04,05,09,10,13,14,16,18,19,22,23
3109,01,05,06,08,10,11,12,13,14,17,19,20,21,22
3110,02,06,08,13,14,15,17,18,19,20,21,22,24,25
3111,01,02,04,05,07,10,11,12,16,17,18,20,22,24
3112,01,02,03,04,08,09,10,12,14,18,20,22,23,25
3113,02,05,06,08,09,10,11,14,16,17,18,20,22,23
3114,01,02,03,04,05,06,08,09,10,13,16,17,20,21
3115,01,02,06,10,12,13,14,15,16,18,20,21,23,24
3116,01,02,06,07,09,10,11,12,14,15,19,23,24,25
3117,03,06,07,09,11,12,13,16,17,19,20,21,22,25
3118,01,05,07,09,10,12,14,16,17,18,19,21,24,25
3119,01,02,04,05,06,09,10,11,14,16,19,22,23,24
3120,03,04,06,08,09,10,13,15,16,18,19,21,22,23
3121,01,04,05,07,08,12,13,14,16,19,21,22,24,25
3122,02,03,10,11,12,13,15,16,17,19,20,22,24,25
3123,01,04,05,06,08,10,11,12,14,15,16,18,21,22
3124,01,03,06,07,10,11,12,15,16,17,19,20,21,23
3125,01,03,07,08,09,11,13,17,19,21,22,23,24,25
3126,01,02,04,06,07,12,14,15,16,20,21,22,23,24
3127,01,02,05,07,08,09,10,11,12,15,17,18,19,24
3128,01,02,03,04,06,10,11,12,13,14,16,18,19,24
3129,01,02,03,04,06,07,08,09,11,12,19,20,21,23
3130,02,04,06,07,08,09,11,12,13,15,18,21,22,23
3131,03,05,06,09,12,13,14,17,18,19,20,21,22,25
3132,01,02,04,06,08,09,10,13,16,18,20,22,23,25
3133,01,03,05,06,09,11,12,13,15,19,21,22,23,25
3134,02,03,04,07,10,11,12,13,18,19,20,23,24,25
3135,03,06,07,10,11,13,14,18,19,20,22,23,24,25
3136,02,03,04,05,06,07,08,11,13,14,16,20,21,23
3137,01,02,05,08,10,11,14,15,16,17,18,21,22,23
3138,01,03,05,06,07,09,14,16,17,18,20,21,23,24
3139,01,02,03,04,08,09,11,12,14,17,18,19,22,25
3140,02,04,07,09,10,11,14,15,17,18,19,22,23,25
3141,01,02,07,09,11,12,14,16,17,19,22,23,24,25
3142,02,03,04,05,07,08,11,12,13,14,15,17,21,25
3143,02,06,07,08,09,10,12,13,15,16,18,19,22,25
3144,01,02,04,06,10,11,15,16,17,21,22,23,24,25
3145,01,03,04,06,07,08,09,10,11,12,16,18,20,21
3146,01,06,07,09,10,12,13,14,16,17,18,22,24,25
3147,06,07,10,13,15,16,17,18,19,20,21,22,23,25
3148,01,04,06,07,09,11,12,14,16,19,20,21,23,25
3149,03,04,07,09,10,11,13,15,18,19,20,21,22,25
3150,05,06,07,09,10,11,13,14,16,18,21,22,24,25
3151,02,03,04,05,07,09,10,11,12,19,21,23,24,25
3152,01,02,04,05,06,07,08,12,17,18,22,23,24,25
3153,01,03,04,05,06,07,08,10,13,15,16,19,23,25
3154,02,03,06,08,09,12,13,14,16,19,20,21,22,25
3156,01,02,03,04,08,12,13,14,16,17,18,23,24,25
3157,01,04,05,07,10,11,14,16,17,18,19,21,22,25
3158,03,04,05,06,08,09,10,11,15,17,18,19,22,24
3159,04,05,06,09,10,11,15,16,17,19,20,21,23,24
3160,01,05,06,07,08,09,10,11,12,15,17,21,22,23
3161,01,02,03,05,08,12,14,15,18,19,20,23,24,25
3162,01,02,03,04,06,09,11,12,15,16,17,21,22,24
3163,02,04,06,08,11,12,13,14,15,16,18,19,22,23
3164,02,03,04,05,09,10,12,13,15,17,18,23,24,25
3165,01,02,03,04,05,07,11,12,16,17,19,21,22,24
3166,02,05,06,08,09,10,11,12,13,16,17,20,24,25
3167,03,04,07,10,11,14,15,16,17,18,22,23,24,25
3168,03,07,08,09,12,13,14,15,16,20,21,22,24,25
3169,02,03,05,06,07,08,11,12,13,15,17,20,21,23
3170,02,03,04,05,06,07,14,16,19,21,22,23,24,25
3171,04,05,07,12,14,15,18,19,20,21,22,23,24,25
3172,01,04,05,06,09,10,11,12,13,18,19,21,24,25
3173,07,08,09,11,12,13,14,16,19,20,21,23,24,25
3174,02,04,05,06,12,13,16,17,18,19,20,21,22,25
3175,01,03,06,08,09,10,11,13,15,16,20,21,24,25
3176,02,03,06,09,10,11,15,16,17,18,20,23,24,25
3177,03,04,06,07,10,11,12,14,15,16,20,22,24,25
3178,05,06,08,10,11,12,13,14,15,16,18,19,24,25
3179,03,04,05,06,08,12,16,17,18,20,22,23,24,25
3180,01,03,07,12,14,15,16,18,19,21,22,23,24,25
3181,01,04,07,08,09,10,11,12,17,18,19,21,22,23
3182,01,06,07,08,09,11,12,13,14,16,21,22,24,25
3183,01,02,03,04,05,07,08,11,13,16,19,20,22,23
3184,03,04,05,07,08,09,10,12,14,16,17,20,21,22
3185,01,02,03,05,06,09,10,11,16,20,22,23,24,25
3186,01,02,04,06,08,09,12,14,15,17,18,20,24,25
3187,01,02,03,04,05,07,10,11,12,14,19,21,23,24
3188,01,03,07,09,11,12,14,15,18,19,22,23,24,25
3189,01,02,03,04,07,08,09,11,12,16,17,18,22,23
3190,02,04,05,08,09,10,12,15,17,20,21,22,23,25
3191,02,03,06,09,10,11,14,15,19,21,22,23,24,25
3192,03,04,05,06,07,08,12,13,14,17,18,19,21,25
3193,01,02,03,06,07,08,09,10,12,15,17,18,23,25
3194,01,02,03,05,07,09,10,11,13,14,16,17,21,24
3195,03,04,07,10,11,12,13,14,15,16,20,21,22,23
3196,01,04,05,06,08,10,11,13,14,17,18,21,24,25
3197,01,02,03,05,09,10,11,12,14,18,19,20,22,24
3198,02,03,04,06,07,09,12,16,17,18,19,21,23,25
3199,01,08,10,12,15,16,17,19,20,21,22,23,24,25
3200,02,04,06,07,10,12,13,15,16,18,21,22,23,24
3201,01,02,03,07,09,12,16,17,18,19,20,21,23,25
3202,01,03,04,11,12,13,14,15,16,17,18,21,23,24
3203,01,04,05,09,10,12,13,15,19,20,21,22,23,24
3204,02,05,06,08,09,13,14,16,17,18,19,22,23,24
3205,01,02,06,07,08,09,12,14,17,18,21,22,23,25
3206,01,06,09,11,13,14,17,19,20,21,22,23,24,25
3207,02,03,06,07,08,09,10,11,15,18,19,22,23,25
3208,03,04,08,09,10,12,14,17,19,20,21,22,24,25
3209,02,04,05,06,08,09,10,11,12,17,18,20,22,24
3210,01,03,04,06,08,12,13,14,15,16,17,19,22,25
3211,02,03,05,06,11,13,14,17,18,19,20,21,22,23
3212,03,04,06,08,09,11,12,13,14,15,16,18,20,25
3213,01,04,05,06,07,08,09,10,13,14,15,20,21,24
3214,05,06,10,11,12,13,14,15,17,19,21,22,23,25
3215,02,04,05,06,09,10,12,13,16,17,19,20,23,25
3216,02,07,08,09,12,13,14,15,16,18,20,22,23,25
3217,01,04,06,07,08,09,12,15,16,17,18,19,20,23
3218,01,05,06,07,08,10,13,15,16,17,18,20,23,25
3219,01,04,07,10,12,14,15,16,17,18,19,20,22,24
3220,02,05,06,09,10,11,12,13,14,16,18,19,20,25
3221,01,02,03,04,05,07,08,10,11,12,14,17,19,24
3222,01,02,03,05,06,07,08,10,11,15,17,18,19,23
3223,01,02,03,04,05,06,08,09,12,13,15,16,18,19
3224,01,02,05,08,09,10,11,12,13,16,18,20,21,22
3225,01,04,05,06,08,09,10,13,15,17,19,22,23,25
3226,03,04,05,06,07,08,09,10,13,15,16,17,22,24
3227,02,03,06,08,10,11,12,15,16,17,18,20,21,24
3228,01,02,03,04,07,08,09,10,14,15,16,17,19,20
3229,02,03,04,05,06,08,13,14,15,17,18,21,24,25
3230,02,09,11,12,14,15,16,18,19,21,22,23,24,25
3231,01,02,04,07,08,11,13,16,17,18,19,21,23,25
3232,02,03,05,06,07,09,10,11,12,13,16,21,22,23
3233,02,05,06,09,11,12,13,14,16,17,18,22,23,24
3234,03,04,06,08,10,11,12,13,14,18,20,22,23,24
3235,01,06,08,09,13,14,15,16,20,21,22,23,24,25
3236,07,08,09,10,11,12,14,16,17,19,20,21,22,23
3237,01,03,05,07,08,13,14,15,17,18,19,20,22,25
3238,01,02,03,04,05,08,13,14,15,16,17,18,24,25
3239,01,03,04,05,07,10,12,15,16,17,19,20,21,24
3240,01,02,03,04,05,08,09,10,14,15,16,18,19,22
3241,03,04,05,06,07,09,13,16,18,19,20,23,24,25
3242,02,03,06,07,08,09,10,13,15,16,17,20,23,25
3243,02,03,05,06,07,10,12,13,16,17,18,22,23,24
3244,02,07,08,09,10,12,14,15,16,17,19,21,24,25
3245,04,06,07,08,11,13,14,17,18,19,20,21,24,25
3246,02,05,06,08,09,10,14,16,17,20,21,23,24,25
3247,01,02,08,09,12,13,14,15,16,17,18,19,21,23
3248,01,05,07,09,10,11,12,14,15,16,20,21,24,25
3249,01,03,05,07,12,13,14,15,16,17,18,21,22,23
3250,05,06,07,08,09,10,13,15,16,17,19,23,24,25
3251,01,02,04,06,07,08,09,11,12,15,18,19,20,24
3252,01,02,04,06,07,08,10,12,14,15,16,17,19,25
3253,01,02,03,06,11,13,15,16,17,21,22,23,24,25
3254,02,04,06,08,09,10,13,14,18,20,21,22,23,24
3255,02,03,04,06,07,08,10,12,14,15,18,20,22,24
3256,02,03,04,05,07,08,09,10,14,15,16,23,24,25
3257,01,04,06,08,09,11,15,16,17,20,21,22,23,24
3258,01,02,03,05,07,10,11,14,15,16,18,19,23,25
3259,01,04,05,06,07,08,13,14,16,19,20,21,22,23
3260,03,06,07,09,10,11,13,14,15,16,18,19,21,25
3261,02,04,05,06,08,09,11,12,13,15,17,21,24,25
3262,01,02,07,08,09,10,13,14,15,17,18,19,22,25
3263,01,04,08,09,10,11,12,14,15,16,18,21,22,24
3264,01,02,04,05,09,11,15,16,18,21,22,23,24,25
